{"cameraMode":{"drawMode":0,"name":"Shaded","section":"Shading Mode"},"sceneLighting":false,"audioPlay":false,"sceneViewState":{"showFog":true,"showMaterialUpdate":false,"showSkybox":false,"showFlares":true,"showImageEffects":true,"showParticleSystems":true},"in2DMode":false,"pivot":{"x":0.08757853507995606,"y":-1.1541919708251954,"z":0.28362542390823367},"rotation":{"x":0.6871082782745361,"y":0.0015278265345841647,"z":-0.0014434853801503778,"w":0.7265574336051941},"size":3.7601888179779054,"orthographic":false}